year,range,type,nhd_num,count,rate,total_pop
2017,full,homicide,1,6,0.7108962137158494,8440.050578744882
2017,full,homicide,3,1,0.2926122712959163,3417.491671047208
2017,full,homicide,4,1,0.10732410007904669,9317.571722133955
2017,full,homicide,5,2,0.16880372694553958,11848.07963775143
2017,full,homicide,15,2,0.1396169343219032,14324.90986651208
2017,full,homicide,16,10,0.5940111079843274,16834.702020864977
2017,full,homicide,17,2,0.5509480366054932,3630.1064113458337
2017,full,homicide,18,1,0.36603400548454296,2731.9866051140116
2017,full,homicide,19,2,0.38338245218013856,5216.722853711279
2017,full,homicide,21,1,0.4768462583048033,2097.1119780933527
2017,full,homicide,22,1,0.29457869121598707,3394.6786709931894
2017,full,homicide,23,1,0.6386869323466767,1565.7123221948182
2017,full,homicide,24,1,0.40405096903814575,2474.9352844779137
2017,full,homicide,27,1,0.17113506353701824,5843.337883727667
2017,full,homicide,30,1,0.20765136261047243,4815.764208953798
2017,full,homicide,31,1,0.2901715876786476,3446.2367869987897
2017,full,homicide,32,1,0.5492838218128387,1820.5524362607878
2017,full,homicide,33,2,1.919300544358136,1042.0462839335316
2017,full,homicide,35,2,0.35797295374060595,5587.01426770146
2017,full,homicide,36,2,0.3173322879067833,6302.5417715688045
2017,full,homicide,37,2,0.38394471316869927,5209.083316954625
2017,full,homicide,39,1,0.4728311967097283,2114.9196731490233
2017,full,homicide,47,1,0.39936213862185915,2503.993001066288
2017,full,homicide,48,5,0.6760450389878598,7395.956943173113
2017,full,homicide,50,15,2.899754488986757,5172.851721402579
2017,full,homicide,51,3,1.2622327716526223,2376.7406990012987
2017,full,homicide,52,6,2.46426713014355,2434.800970481834
2017,full,homicide,53,3,2.221598923490472,1350.3787602158811
2017,full,homicide,54,4,2.77414720632776,1441.884551359099
2017,full,homicide,55,7,2.189923450077761,3196.4587619496197
2017,full,homicide,56,9,1.89075759546194,4759.996745009064
2017,full,homicide,57,4,2.7208604905407445,1470.12315181402
2017,full,homicide,58,1,0.467298660015949,2139.959057374292
2017,full,homicide,59,11,2.002667572347772,5492.673947431252
2017,full,homicide,60,5,2.505988734080942,1995.2204620878804
2017,full,homicide,61,4,1.8764630874254087,2131.6699629238
2017,full,homicide,63,2,1.8805293302428079,1063.5303410778317
2017,full,homicide,64,4,0.8475236571918576,4719.6322675562815
2017,full,homicide,65,4,2.4209585783021677,1652.2380993421305
2017,full,homicide,66,3,4.443101603349566,675.2040056293918
2017,full,homicide,67,8,6.8676440151548395,1164.8827432444648
2017,full,homicide,68,5,1.5572535388881723,3210.780951937881
2017,full,homicide,69,4,1.2407901116053275,3223.752319257946
2017,full,homicide,70,6,1.8099376986547946,3315.0312325443015
2017,full,homicide,71,9,2.584690597807899,3482.0415285423283
2017,full,homicide,72,11,2.9783119070549606,3693.3673648966846
2017,full,homicide,73,1,0.2581417328191785,3873.8408899597553
2017,full,homicide,74,10,1.774525767567344,5635.308420293478
2017,full,homicide,75,1,1.4904949364515725,670.9180793198159
2017,full,homicide,76,11,3.1235438712925943,3521.6409479940958
2017,full,homicide,78,9,3.6981994799900764,2433.6166960967043
2017,full,homicide,79,4,1.4128988185394453,2831.0590592289664
2017,full,part 1,1,719,85.18906294361597,8440.050578744882
2017,full,part 1,2,292,74.6862100918025,3909.6909542080202
2017,full,part 1,3,122,35.69869709810179,3417.491671047208
2017,full,part 1,4,217,23.289329717153134,9317.571722133955
2017,full,part 1,5,653,55.11441684771867,11848.07963775143
2017,full,part 1,6,180,26.542838811046707,6781.49015187806
2017,full,part 1,7,230,34.11601019686968,6741.702756939136
2017,full,part 1,8,252,30.919505733128442,8150.194966732496
2017,full,part 1,9,257,27.2075282390402,9445.915032855853
2017,full,part 1,10,83,30.691035234598626,2704.3727709266846
2017,full,part 1,11,64,28.699725118439062,2229.986515058332
2017,full,part 1,12,177,57.60133851716455,3072.8452594422956
2017,full,part 1,13,234,47.271103645573376,4950.170018336616
2017,full,part 1,14,252,33.364685282950056,7552.896059498467
2017,full,part 1,15,791,55.21849752431271,14324.90986651208
2017,full,part 1,16,1290,76.62743292997823,16834.702020864977
2017,full,part 1,17,357,98.34422453408054,3630.1064113458337
2017,full,part 1,18,252,92.24056938210482,2731.9866051140116
2017,full,part 1,19,578,110.79752868006003,5216.722853711279
2017,full,part 1,20,95,33.916694539323174,2800.980499141995
2017,full,part 1,21,301,143.53072374974582,2097.1119780933527
2017,full,part 1,22,216,63.628997302653204,3394.6786709931894
2017,full,part 1,23,147,93.88697905496149,1565.7123221948182
2017,full,part 1,24,234,94.54792675492611,2474.9352844779137
2017,full,part 1,25,637,101.59140258453633,6270.2156264644445
2017,full,part 1,26,82,37.272805129767534,2199.9954045452714
2017,full,part 1,27,333,56.98797615782707,5843.337883727667
2017,full,part 1,28,65,38.67941997071125,1680.4802152984496
2017,full,part 1,29,142,147.530123132791,962.5152950776474
2017,full,part 1,30,444,92.19720499904976,4815.764208953798
2017,full,part 1,31,213,61.80654817555193,3446.2367869987897
2017,full,part 1,32,181,99.42037174812381,1820.5524362607878
2017,full,part 1,33,235,225.517813962081,1042.0462839335316
2017,full,part 1,34,153,197.92038483004953,773.0381088909977
2017,full,part 1,35,1522,272.4174177966011,5587.01426770146
2017,full,part 1,36,1053,167.0754495829214,6302.5417715688045
2017,full,part 1,37,383,73.5254125718059,5209.083316954625
2017,full,part 1,38,1223,72.58143179342783,16850.03960077213
2017,full,part 1,39,233,110.16966883336669,2114.9196731490233
2017,full,part 1,40,25,55.68280038687287,448.97167215558557
2017,full,part 1,41,81,91.9459230177116,880.9526006324055
2017,full,part 1,42,119,70.15851091636632,1696.1591465625038
2017,full,part 1,43,109,83.43116507743996,1306.4662335570563
2017,full,part 1,44,54,25.67923784415563,2102.8661492104966
2017,full,part 1,45,42,49.69419638375727,845.1691154367445
2017,full,part 1,46,291,68.58464981020332,4242.931921432775
2017,full,part 1,47,242,96.64563754648992,2503.993001066288
2017,full,part 1,48,570,77.06913444461603,7395.956943173113
2017,full,part 1,49,78,89.20509490986868,874.3895186570888
2017,full,part 1,50,683,132.03548773186367,5172.851721402579
2017,full,part 1,51,299,125.8025329080447,2376.7406990012987
2017,full,part 1,52,279,114.58842155167508,2434.800970481834
2017,full,part 1,53,214,158.47405654232037,1350.3787602158811
2017,full,part 1,54,108,74.90197457084952,1441.884551359099
2017,full,part 1,55,300,93.85386214618977,3196.4587619496197
2017,full,part 1,56,492,103.36141521858605,4759.996745009064
2017,full,part 1,57,180,122.4387220743335,1470.12315181402
2017,full,part 1,58,169,78.97347354269537,2139.959057374292
2017,full,part 1,59,562,102.31810687813164,5492.673947431252
2017,full,part 1,60,214,107.25631781866433,1995.2204620878804
2017,full,part 1,61,262,122.90833222636425,2131.6699629238
2017,full,part 1,62,213,154.63148406163103,1377.4685103268182
2017,full,part 1,63,212,199.33610900573765,1063.5303410778317
2017,full,part 1,64,209,44.283111088274566,4719.6322675562815
2017,full,part 1,65,275,166.44090225827404,1652.2380993421305
2017,full,part 1,66,155,229.56024950639426,675.2040056293918
2017,full,part 1,67,202,173.40801138265968,1164.8827432444648
2017,full,part 1,68,397,123.64593098772087,3210.780951937881
2017,full,part 1,69,477,147.9642208089353,3223.752319257946
2017,full,part 1,70,183,55.20309980897124,3315.0312325443015
2017,full,part 1,71,379,108.84419295213263,3482.0415285423283
2017,full,part 1,72,347,93.9522028861883,3693.3673648966846
2017,full,part 1,73,253,65.30985840325218,3873.8408899597553
2017,full,part 1,74,701,124.39425630647081,5635.308420293478
2017,full,part 1,75,57,84.95821137773962,670.9180793198159
2017,full,part 1,76,338,95.97798440880881,3521.6409479940958
2017,full,part 1,77,325,92.59296292444913,3509.9859615161304
2017,full,part 1,78,336,138.06611391962952,2433.6166960967043
2017,full,part 1,79,149,52.630480990594336,2831.0590592289664
2017,full,violent,1,152,18.009370747468186,8440.050578744882
2017,full,violent,2,66,16.88112967828413,3909.6909542080202
2017,full,violent,3,24,7.022694511101991,3417.491671047208
2017,full,violent,4,29,3.1123989022923544,9317.571722133955
2017,full,violent,5,144,12.15386834007885,11848.07963775143
2017,full,violent,6,16,2.3593634498708185,6781.49015187806
2017,full,violent,7,23,3.411601019686968,6741.702756939136
2017,full,violent,8,17,2.0858396724729507,8150.194966732496
2017,full,violent,9,25,2.646646715859942,9445.915032855853
2017,full,violent,10,9,3.327943579655273,2704.3727709266846
2017,full,violent,11,8,3.5874656398048828,2229.986515058332
2017,full,violent,12,17,5.532331947976256,3072.8452594422956
2017,full,violent,13,43,8.686570328032714,4950.170018336616
2017,full,violent,14,32,4.236785432755563,7552.896059498467
2017,full,violent,15,131,9.14490919808466,14324.90986651208
2017,full,violent,16,392,23.28523543298563,16834.702020864977
2017,full,violent,17,98,26.99645379366917,3630.1064113458337
2017,full,violent,18,78,28.55065242779435,2731.9866051140116
2017,full,violent,19,192,36.804715409293294,5216.722853711279
2017,full,violent,20,14,4.998249721584467,2800.980499141995
2017,full,violent,21,55,26.226544206764185,2097.1119780933527
2017,full,violent,22,43,12.666883722287443,3394.6786709931894
2017,full,violent,23,25,15.96717330866692,1565.7123221948182
2017,full,violent,24,42,16.97014069960212,2474.9352844779137
2017,full,violent,25,96,15.31047825449841,6270.2156264644445
2017,full,violent,26,5,2.2727320201077763,2199.9954045452714
2017,full,violent,27,39,6.674267477943712,5843.337883727667
2017,full,violent,28,7,4.165475996845827,1680.4802152984496
2017,full,violent,29,18,18.70100152387492,962.5152950776474
2017,full,violent,30,137,28.448236677634725,4815.764208953798
2017,full,violent,31,51,14.798750971611025,3446.2367869987897
2017,full,violent,32,29,15.929230832572323,1820.5524362607878
2017,full,violent,33,88,84.44922395175799,1042.0462839335316
2017,full,violent,34,43,55.62468331824921,773.0381088909977
2017,full,violent,35,170,30.427701067951503,5587.01426770146
2017,full,violent,36,233,36.969211541140254,6302.5417715688045
2017,full,violent,37,54,10.366507255554879,5209.083316954625
2017,full,violent,38,158,9.376832562029106,16850.03960077213
2017,full,violent,39,40,18.913247868389128,2114.9196731490233
2017,full,violent,41,15,17.027022781057706,880.9526006324055
2017,full,violent,42,15,8.843509779373905,1696.1591465625038
2017,full,violent,43,10,7.654235328205502,1306.4662335570563
2017,full,violent,44,2,0.951082883116875,2102.8661492104966
2017,full,violent,45,4,4.732780607976883,845.1691154367445
2017,full,violent,46,55,12.96273450021025,4242.931921432775
2017,full,violent,47,45,17.971296237983662,2503.993001066288
2017,full,violent,48,151,20.416560177433368,7395.956943173113
2017,full,violent,49,12,13.723860755364413,874.3895186570888
2017,full,violent,50,278,53.74211652922123,5172.851721402579
2017,full,violent,51,112,47.12335680836456,2376.7406990012987
2017,full,violent,52,98,40.24969645901132,2434.800970481834
2017,full,violent,53,84,62.204769857733226,1350.3787602158811
2017,full,violent,54,38,26.354398460113718,1441.884551359099
2017,full,violent,55,124,38.79292968709177,3196.4587619496197
2017,full,violent,56,173,36.34456266832395,4759.996745009064
2017,full,violent,57,64,43.53376784865191,1470.12315181402
2017,full,violent,58,51,23.8322316608134,2139.959057374292
2017,full,violent,59,201,36.59419836744566,5492.673947431252
2017,full,violent,60,74,37.08863326439794,1995.2204620878804
2017,full,violent,61,110,51.602734904198734,2131.6699629238
2017,full,violent,62,80,58.077552699204134,1377.4685103268182
2017,full,violent,63,74,69.5795852189839,1063.5303410778317
2017,full,violent,64,82,17.374234972433083,4719.6322675562815
2017,full,violent,65,91,55.076807656374314,1652.2380993421305
2017,full,violent,66,85,125.88787876157103,675.2040056293918
2017,full,violent,67,89,76.40253966859758,1164.8827432444648
2017,full,violent,68,147,45.78325404331227,3210.780951937881
2017,full,violent,69,157,48.7010118805091,3223.752319257946
2017,full,violent,70,73,22.02090866696667,3315.0312325443015
2017,full,violent,71,134,38.483171122917604,3482.0415285423283
2017,full,violent,72,129,34.92747600091727,3693.3673648966846
2017,full,violent,73,82,21.167622091172642,3873.8408899597553
2017,full,violent,74,227,40.28173492377871,5635.308420293478
2017,full,violent,75,12,17.88593923741887,670.9180793198159
2017,full,violent,76,138,39.18627765803437,3521.6409479940958
2017,full,violent,77,72,20.51290255557027,3509.9859615161304
2017,full,violent,78,149,61.225746946502376,2433.6166960967043
2017,full,violent,79,45,15.89511170856876,2831.0590592289664
2017,partial,homicide,1,3,0.3554481068579247,8440.050578744882
2017,partial,homicide,3,1,0.2926122712959163,3417.491671047208
2017,partial,homicide,4,1,0.10732410007904669,9317.571722133955
2017,partial,homicide,5,2,0.16880372694553958,11848.07963775143
2017,partial,homicide,15,2,0.1396169343219032,14324.90986651208
2017,partial,homicide,16,6,0.3564066647905964,16834.702020864977
2017,partial,homicide,17,1,0.2754740183027466,3630.1064113458337
2017,partial,homicide,18,1,0.36603400548454296,2731.9866051140116
2017,partial,homicide,19,1,0.19169122609006928,5216.722853711279
2017,partial,homicide,21,1,0.4768462583048033,2097.1119780933527
2017,partial,homicide,22,1,0.29457869121598707,3394.6786709931894
2017,partial,homicide,23,1,0.6386869323466767,1565.7123221948182
2017,partial,homicide,24,1,0.40405096903814575,2474.9352844779137
2017,partial,homicide,30,1,0.20765136261047243,4815.764208953798
2017,partial,homicide,31,1,0.2901715876786476,3446.2367869987897
2017,partial,homicide,32,1,0.5492838218128387,1820.5524362607878
2017,partial,homicide,33,2,1.919300544358136,1042.0462839335316
2017,partial,homicide,35,2,0.35797295374060595,5587.01426770146
2017,partial,homicide,36,2,0.3173322879067833,6302.5417715688045
2017,partial,homicide,37,2,0.38394471316869927,5209.083316954625
2017,partial,homicide,47,1,0.39936213862185915,2503.993001066288
2017,partial,homicide,48,4,0.5408360311902878,7395.956943173113
2017,partial,homicide,50,12,2.3198035911894057,5172.851721402579
2017,partial,homicide,51,2,0.8414885144350815,2376.7406990012987
2017,partial,homicide,52,6,2.46426713014355,2434.800970481834
2017,partial,homicide,53,3,2.221598923490472,1350.3787602158811
2017,partial,homicide,54,4,2.77414720632776,1441.884551359099
2017,partial,homicide,55,5,1.5642310357698292,3196.4587619496197
2017,partial,homicide,56,4,0.8403367090941956,4759.996745009064
2017,partial,homicide,57,2,1.3604302452703723,1470.12315181402
2017,partial,homicide,58,1,0.467298660015949,2139.959057374292
2017,partial,homicide,59,8,1.4564855071620162,5492.673947431252
2017,partial,homicide,60,5,2.505988734080942,1995.2204620878804
2017,partial,homicide,61,4,1.8764630874254087,2131.6699629238
2017,partial,homicide,63,2,1.8805293302428079,1063.5303410778317
2017,partial,homicide,64,4,0.8475236571918576,4719.6322675562815
2017,partial,homicide,65,3,1.8157189337266257,1652.2380993421305
2017,partial,homicide,66,1,1.4810338677831887,675.2040056293918
2017,partial,homicide,67,5,4.2922775094717744,1164.8827432444648
2017,partial,homicide,68,4,1.2458028311105378,3210.780951937881
2017,partial,homicide,69,2,0.6203950558026637,3223.752319257946
2017,partial,homicide,70,3,0.9049688493273973,3315.0312325443015
2017,partial,homicide,71,6,1.7231270652052657,3482.0415285423283
2017,partial,homicide,72,10,2.7075562791408734,3693.3673648966846
2017,partial,homicide,74,7,1.2421680372971406,5635.308420293478
2017,partial,homicide,76,9,2.55562680378485,3521.6409479940958
2017,partial,homicide,78,8,3.287288426657846,2433.6166960967043
2017,partial,homicide,79,3,1.059674113904584,2831.0590592289664
2017,partial,part 1,1,534,63.26976302071059,8440.050578744882
2017,partial,part 1,2,212,54.22423472418538,3909.6909542080202
2017,partial,part 1,3,93,27.212941230520215,3417.491671047208
2017,partial,part 1,4,164,17.601152412963657,9317.571722133955
2017,partial,part 1,5,489,41.27251123818443,11848.07963775143
2017,partial,part 1,6,139,20.496969970752737,6781.49015187806
2017,partial,part 1,7,178,26.402825282794797,6741.702756939136
2017,partial,part 1,8,192,23.55771865381215,8150.194966732496
2017,partial,part 1,9,193,20.432112646438753,9445.915032855853
2017,partial,part 1,10,57,21.076976004483395,2704.3727709266846
2017,partial,part 1,11,52,23.318526658731738,2229.986515058332
2017,partial,part 1,12,115,37.424598471604085,3072.8452594422956
2017,partial,part 1,13,174,35.1503078390161,4950.170018336616
2017,partial,part 1,14,168,22.243123521966705,7552.896059498467
2017,partial,part 1,15,603,42.094505698053815,14324.90986651208
2017,partial,part 1,16,924,54.886626377751845,16834.702020864977
2017,partial,part 1,17,260,71.62324475871412,3630.1064113458337
2017,partial,part 1,18,191,69.91249504754771,2731.9866051140116
2017,partial,part 1,19,409,78.40171147083832,5216.722853711279
2017,partial,part 1,20,67,23.920195096154238,2800.980499141995
2017,partial,part 1,21,221,105.38302308536154,2097.1119780933527
2017,partial,part 1,22,152,44.775961064830035,3394.6786709931894
2017,partial,part 1,23,108,68.9781886934411,1565.7123221948182
2017,partial,part 1,24,174,70.30486861263736,2474.9352844779137
2017,partial,part 1,25,483,77.03084371794512,6270.2156264644445
2017,partial,part 1,26,58,26.363691433250207,2199.9954045452714
2017,partial,part 1,27,244,41.75695550303245,5843.337883727667
2017,partial,part 1,28,51,30.348467977019602,1680.4802152984496
2017,partial,part 1,29,114,118.43967631787449,962.5152950776474
2017,partial,part 1,30,333,69.14790374928732,4815.764208953798
2017,partial,part 1,31,156,45.26676767786902,3446.2367869987897
2017,partial,part 1,32,127,69.75904537023052,1820.5524362607878
2017,partial,part 1,33,185,177.53530035312758,1042.0462839335316
2017,partial,part 1,34,116,150.05728523062578,773.0381088909977
2017,partial,part 1,35,1136,203.32863772466416,5587.01426770146
2017,partial,part 1,36,777,123.28359385178533,6302.5417715688045
2017,partial,part 1,37,275,52.792398060696144,5209.083316954625
2017,partial,part 1,38,887,52.640825838733015,16850.03960077213
2017,partial,part 1,39,162,76.59865386697598,2114.9196731490233
2017,partial,part 1,40,23,51.22817635592304,448.97167215558557
2017,partial,part 1,41,51,57.8918774555962,880.9526006324055
2017,partial,part 1,42,82,48.34452012724402,1696.1591465625038
2017,partial,part 1,43,79,60.46845909282346,1306.4662335570563
2017,partial,part 1,44,41,19.49719910389594,2102.8661492104966
2017,partial,part 1,45,21,24.847098191878636,845.1691154367445
2017,partial,part 1,46,213,50.20113542808697,4242.931921432775
2017,partial,part 1,47,186,74.28135778366581,2503.993001066288
2017,partial,part 1,48,404,54.624439150219075,7395.956943173113
2017,partial,part 1,49,60,68.61930377682205,874.3895186570888
2017,partial,part 1,50,502,97.04511689809013,5172.851721402579
2017,partial,part 1,51,227,95.50894638838176,2376.7406990012987
2017,partial,part 1,52,196,80.49939291802264,2434.800970481834
2017,partial,part 1,53,142,105.15568237854902,1350.3787602158811
2017,partial,part 1,54,82,56.87001772971908,1441.884551359099
2017,partial,part 1,55,217,67.8876269524106,3196.4587619496197
2017,partial,part 1,56,361,75.84038799575116,4759.996745009064
2017,partial,part 1,57,124,84.34667520676308,1470.12315181402
2017,partial,part 1,58,106,49.53365796169059,2139.959057374292
2017,partial,part 1,59,432,78.65021738674888,5492.673947431252
2017,partial,part 1,60,160,80.19163949059015,1995.2204620878804
2017,partial,part 1,61,200,93.82315437127042,2131.6699629238
2017,partial,part 1,62,177,128.49658534698915,1377.4685103268182
2017,partial,part 1,63,151,141.979964433332,1063.5303410778317
2017,partial,part 1,64,154,32.62966080188652,4719.6322675562815
2017,partial,part 1,65,189,114.39029282477743,1652.2380993421305
2017,partial,part 1,66,110,162.91372545615076,675.2040056293918
2017,partial,part 1,67,146,125.33450327657583,1164.8827432444648
2017,partial,part 1,68,287,89.38635313218109,3210.780951937881
2017,partial,part 1,69,351,108.87933229336748,3223.752319257946
2017,partial,part 1,70,133,40.12028565351461,3315.0312325443015
2017,partial,part 1,71,276,79.26384499944223,3482.0415285423283
2017,partial,part 1,72,252,68.23041823435001,3693.3673648966846
2017,partial,part 1,73,199,51.37020483101653,3873.8408899597553
2017,partial,part 1,74,547,97.06655948593371,5635.308420293478
2017,partial,part 1,75,49,73.03425188612704,670.9180793198159
2017,partial,part 1,76,269,76.38484557979163,3521.6409479940958
2017,partial,part 1,77,206,58.689693422881604,3509.9859615161304
2017,partial,part 1,78,245,100.67320806639653,2433.6166960967043
2017,partial,part 1,79,109,38.50149280519988,2831.0590592289664
2017,partial,violent,1,109,12.914614549171263,8440.050578744882
2017,partial,violent,2,47,12.02141052847506,3909.6909542080202
2017,partial,violent,3,17,4.974408612030577,3417.491671047208
2017,partial,violent,4,22,2.3611302017390274,9317.571722133955
2017,partial,violent,5,105,8.862195664640828,11848.07963775143
2017,partial,violent,6,11,1.6220623717861877,6781.49015187806
2017,partial,violent,7,20,2.9666095823364937,6741.702756939136
2017,partial,violent,8,11,1.349660964541321,8150.194966732496
2017,partial,violent,9,22,2.3290491099567485,9445.915032855853
2017,partial,violent,10,6,2.2186290531035153,2704.3727709266846
2017,partial,violent,11,6,2.690599229853662,2229.986515058332
2017,partial,violent,12,14,4.5560380748039755,3072.8452594422956
2017,partial,violent,13,26,5.252344849508152,4950.170018336616
2017,partial,violent,14,21,2.780390440245838,7552.896059498467
2017,partial,violent,15,99,6.911038248934208,14324.90986651208
2017,partial,violent,16,294,17.463926574739222,16834.702020864977
2017,partial,violent,17,76,20.936025391008744,3630.1064113458337
2017,partial,violent,18,57,20.863938312618945,2731.9866051140116
2017,partial,violent,19,141,27.028462878699766,5216.722853711279
2017,partial,violent,20,13,4.641231884328434,2800.980499141995
2017,partial,violent,21,36,17.166465298972923,2097.1119780933527
2017,partial,violent,22,35,10.310254192559546,3394.6786709931894
2017,partial,violent,23,20,12.773738646933536,1565.7123221948182
2017,partial,violent,24,30,12.121529071144373,2474.9352844779137
2017,partial,violent,25,65,10.366469651483298,6270.2156264644445
2017,partial,violent,26,5,2.2727320201077763,2199.9954045452714
2017,partial,violent,27,21,3.593836334277383,5843.337883727667
2017,partial,violent,28,6,3.5704079972964236,1680.4802152984496
2017,partial,violent,29,15,15.584167936562434,962.5152950776474
2017,partial,violent,30,109,22.633998524541497,4815.764208953798
2017,partial,violent,31,34,9.865833981074019,3446.2367869987897
2017,partial,violent,32,21,11.534960258069614,1820.5524362607878
2017,partial,violent,33,67,64.29656823599755,1042.0462839335316
2017,partial,violent,34,30,38.807918594127365,773.0381088909977
2017,partial,violent,35,126,22.55229608565817,5587.01426770146
2017,partial,violent,36,170,26.97324447207658,6302.5417715688045
2017,partial,violent,37,39,7.486921906789635,5209.083316954625
2017,partial,violent,38,114,6.765562734628595,16850.03960077213
2017,partial,violent,39,31,14.657767098001576,2114.9196731490233
2017,partial,violent,41,7,7.945943964493597,880.9526006324055
2017,partial,violent,42,9,5.3061058676243436,1696.1591465625038
2017,partial,violent,43,5,3.827117664102751,1306.4662335570563
2017,partial,violent,44,1,0.4755414415584375,2102.8661492104966
2017,partial,violent,45,3,3.5495854559826623,845.1691154367445
2017,partial,violent,46,35,8.24901286377016,4242.931921432775
2017,partial,violent,47,30,11.980864158655775,2503.993001066288
2017,partial,violent,48,109,14.737781849935345,7395.956943173113
2017,partial,violent,49,10,11.436550629470345,874.3895186570888
2017,partial,violent,50,200,38.66339318649009,5172.851721402579
2017,partial,violent,51,80,33.659540577403256,2376.7406990012987
2017,partial,violent,52,67,27.517649619936307,2434.800970481834
2017,partial,violent,53,55,40.72931359732532,1350.3787602158811
2017,partial,violent,54,30,20.8061040474582,1441.884551359099
2017,partial,violent,55,89,27.843312436702963,3196.4587619496197
2017,partial,violent,56,116,24.36976456373167,4759.996745009064
2017,partial,violent,57,46,31.289895641218564,1470.12315181402
2017,partial,violent,58,30,14.01895980047847,2139.959057374292
2017,partial,violent,59,158,28.76558876644982,5492.673947431252
2017,partial,violent,60,50,25.05988734080942,1995.2204620878804
2017,partial,violent,61,84,39.405724835933576,2131.6699629238
2017,partial,violent,62,71,51.54382802054367,1377.4685103268182
2017,partial,violent,63,53,49.834027251434414,1063.5303410778317
2017,partial,violent,64,63,13.34849760077176,4719.6322675562815
2017,partial,violent,65,62,37.5248579636836,1652.2380993421305
2017,partial,violent,66,56,82.93789659585856,675.2040056293918
2017,partial,violent,67,70,60.091885132604844,1164.8827432444648
2017,partial,violent,68,104,32.39087360887399,3210.780951937881
2017,partial,violent,69,113,35.052320652850504,3223.752319257946
2017,partial,violent,70,55,16.591095571002285,3315.0312325443015
2017,partial,violent,71,93,26.70846951068162,3482.0415285423283
2017,partial,violent,72,91,24.638762140181946,3693.3673648966846
2017,partial,violent,73,62,16.00478743478907,3873.8408899597553
2017,partial,violent,74,167,29.634580318374642,5635.308420293478
2017,partial,violent,75,9,13.41445442806415,670.9180793198159
2017,partial,violent,76,113,32.087314314187566,3521.6409479940958
2017,partial,violent,77,44,12.535662672848499,3509.9859615161304
2017,partial,violent,78,111,45.611126919877606,2433.6166960967043
2017,partial,violent,79,30,10.59674113904584,2831.0590592289664
2018,full,homicide,1,4,0.4739308091438996,8440.050578744882
2018,full,homicide,2,3,0.7673240762856421,3909.6909542080202
2018,full,homicide,4,1,0.10732410007904669,9317.571722133955
2018,full,homicide,5,3,0.25320559041830937,11848.07963775143
2018,full,homicide,8,2,0.2453929026438765,8150.194966732496
2018,full,homicide,14,2,0.2647990895472227,7552.896059498467
2018,full,homicide,15,5,0.34904233580475796,14324.90986651208
2018,full,homicide,16,4,0.23760444319373095,16834.702020864977
2018,full,homicide,17,5,1.377370091513733,3630.1064113458337
2018,full,homicide,19,9,1.7252210348106232,5216.722853711279
2018,full,homicide,21,2,0.9536925166096066,2097.1119780933527
2018,full,homicide,22,1,0.29457869121598707,3394.6786709931894
2018,full,homicide,25,2,0.31896829696871687,6270.2156264644445
2018,full,homicide,27,1,0.17113506353701824,5843.337883727667
2018,full,homicide,30,1,0.20765136261047243,4815.764208953798
2018,full,homicide,31,1,0.2901715876786476,3446.2367869987897
2018,full,homicide,33,2,1.919300544358136,1042.0462839335316
2018,full,homicide,35,4,0.7159459074812119,5587.01426770146
2018,full,homicide,36,2,0.3173322879067833,6302.5417715688045
2018,full,homicide,37,2,0.38394471316869927,5209.083316954625
2018,full,homicide,38,1,0.05934704153182978,16850.03960077213
2018,full,homicide,39,1,0.4728311967097283,2114.9196731490233
2018,full,homicide,48,2,0.2704180155951439,7395.956943173113
2018,full,homicide,50,12,2.3198035911894057,5172.851721402579
2018,full,homicide,51,4,1.682977028870163,2376.7406990012987
2018,full,homicide,52,1,0.41071118835725834,2434.800970481834
2018,full,homicide,53,5,3.70266487248412,1350.3787602158811
2018,full,homicide,54,1,0.69353680158194,1441.884551359099
2018,full,homicide,55,5,1.5642310357698292,3196.4587619496197
2018,full,homicide,56,10,2.100841772735489,4759.996745009064
2018,full,homicide,57,6,4.081290735811116,1470.12315181402
2018,full,homicide,58,4,1.869194640063796,2139.959057374292
2018,full,homicide,59,6,1.0923641303715121,5492.673947431252
2018,full,homicide,60,2,1.002395493632377,1995.2204620878804
2018,full,homicide,62,1,0.7259694087400517,1377.4685103268182
2018,full,homicide,63,4,3.7610586604856158,1063.5303410778317
2018,full,homicide,64,2,0.4237618285959288,4719.6322675562815
2018,full,homicide,65,2,1.2104792891510838,1652.2380993421305
2018,full,homicide,66,3,4.443101603349566,675.2040056293918
2018,full,homicide,67,6,5.15073301136613,1164.8827432444648
2018,full,homicide,68,7,2.180154954443441,3210.780951937881
2018,full,homicide,69,8,2.481580223210655,3223.752319257946
2018,full,homicide,70,1,0.3016562831091324,3315.0312325443015
2018,full,homicide,71,7,2.0103149094061434,3482.0415285423283
2018,full,homicide,72,6,1.6245337674845242,3693.3673648966846
2018,full,homicide,73,3,0.7744251984575357,3873.8408899597553
2018,full,homicide,74,12,2.1294309210808127,5635.308420293478
2018,full,homicide,76,5,1.4197926687693612,3521.6409479940958
2018,full,homicide,77,2,0.5698028487658409,3509.9859615161304
2018,full,homicide,78,6,2.465466319993384,2433.6166960967043
2018,full,part 1,1,888,105.21263962994571,8440.050578744882
2018,full,part 1,2,293,74.94198478389771,3909.6909542080202
2018,full,part 1,3,173,50.62192293419352,3417.491671047208
2018,full,part 1,4,270,28.977507021342607,9317.571722133955
2018,full,part 1,5,583,49.206286404624784,11848.07963775143
2018,full,part 1,6,200,29.492043123385233,6781.49015187806
2018,full,part 1,7,185,27.441138636612568,6741.702756939136
2018,full,part 1,8,221,27.115915742148356,8150.194966732496
2018,full,part 1,9,218,23.07875936229869,9445.915032855853
2018,full,part 1,10,89,32.90966428770214,2704.3727709266846
2018,full,part 1,11,79,35.42622319307322,2229.986515058332
2018,full,part 1,12,152,49.46555624072888,3072.8452594422956
2018,full,part 1,13,199,40.200639425081626,4950.170018336616
2018,full,part 1,14,263,34.821080275459785,7552.896059498467
2018,full,part 1,15,733,51.16960642897752,14324.90986651208
2018,full,part 1,16,1153,68.48948075059295,16834.702020864977
2018,full,part 1,17,349,96.14043238765856,3630.1064113458337
2018,full,part 1,18,231,84.55385526692942,2731.9866051140116
2018,full,part 1,19,505,96.80406917548497,5216.722853711279
2018,full,part 1,20,68,24.277212933410272,2800.980499141995
2018,full,part 1,21,357,170.2341142148148,2097.1119780933527
2018,full,part 1,22,208,61.2723677729253,3394.6786709931894
2018,full,part 1,23,141,90.05485746088142,1565.7123221948182
2018,full,part 1,24,196,79.19398993147657,2474.9352844779137
2018,full,part 1,25,493,78.6256852027887,6270.2156264644445
2018,full,part 1,26,78,35.454619513681315,2199.9954045452714
2018,full,part 1,27,202,34.56928283447769,5843.337883727667
2018,full,part 1,28,103,61.292003953588605,1680.4802152984496
2018,full,part 1,29,118,122.59545443429114,962.5152950776474
2018,full,part 1,30,359,74.54683917715961,4815.764208953798
2018,full,part 1,31,238,69.06083786751813,3446.2367869987897
2018,full,part 1,32,147,80.7447218064873,1820.5524362607878
2018,full,part 1,33,227,217.84061178464844,1042.0462839335316
2018,full,part 1,34,132,170.75484181416036,773.0381088909977
2018,full,part 1,35,1479,264.7209992911781,5587.01426770146
2018,full,part 1,36,770,122.17293084411158,6302.5417715688045
2018,full,part 1,37,411,78.9006385561677,5209.083316954625
2018,full,part 1,38,1235,73.29359629180978,16850.03960077213
2018,full,part 1,39,209,98.8217201123332,2114.9196731490233
2018,full,part 1,40,17,37.86430426307355,448.97167215558557
2018,full,part 1,41,64,72.64863053251288,880.9526006324055
2018,full,part 1,42,100,58.95673186249271,1696.1591465625038
2018,full,part 1,43,82,62.76472969128512,1306.4662335570563
2018,full,part 1,44,69,32.81235946753219,2102.8661492104966
2018,full,part 1,45,27,31.94626910384396,845.1691154367445
2018,full,part 1,46,231,54.44348490088305,4242.931921432775
2018,full,part 1,47,166,66.29411501122861,2503.993001066288
2018,full,part 1,48,444,60.03279946212195,7395.956943173113
2018,full,part 1,49,85,97.21068035049791,874.3895186570888
2018,full,part 1,50,630,121.7896885374438,5172.851721402579
2018,full,part 1,51,249,104.76532004716763,2376.7406990012987
2018,full,part 1,52,253,103.90993065438636,2434.800970481834
2018,full,part 1,53,190,140.70126515439657,1350.3787602158811
2018,full,part 1,54,116,80.45026898350503,1441.884551359099
2018,full,part 1,55,272,85.09416834587871,3196.4587619496197
2018,full,part 1,56,422,88.65552280943763,4759.996745009064
2018,full,part 1,57,126,85.70710545203346,1470.12315181402
2018,full,part 1,58,194,90.6559400430941,2139.959057374292
2018,full,part 1,59,550,100.1333786173886,5492.673947431252
2018,full,part 1,60,207,103.747933590951,1995.2204620878804
2018,full,part 1,61,266,124.78479531378966,2131.6699629238
2018,full,part 1,62,260,188.75204627241342,1377.4685103268182
2018,full,part 1,63,224,210.61928498719448,1063.5303410778317
2018,full,part 1,64,227,48.09696754563793,4719.6322675562815
2018,full,part 1,65,265,160.38850581251862,1652.2380993421305
2018,full,part 1,66,144,213.26887696077918,675.2040056293918
2018,full,part 1,67,183,157.09735684666694,1164.8827432444648
2018,full,part 1,68,401,124.89173381883143,3210.780951937881
2018,full,part 1,69,510,158.20073922967924,3223.752319257946
2018,full,part 1,70,211,63.64947573602694,3315.0312325443015
2018,full,part 1,71,328,94.19761289788786,3482.0415285423283
2018,full,part 1,72,353,95.57673665367284,3693.3673648966846
2018,full,part 1,73,272,70.21455132681656,3873.8408899597553
2018,full,part 1,74,663,117.6510583897149,5635.308420293478
2018,full,part 1,75,44,65.58177720386918,670.9180793198159
2018,full,part 1,76,325,92.28652347000848,3521.6409479940958
2018,full,part 1,77,340,96.86648429019294,3509.9859615161304
2018,full,part 1,78,350,143.81886866628074,2433.6166960967043
2018,full,part 1,79,110,38.85471750983475,2831.0590592289664
2018,full,violent,1,158,18.720266961184034,8440.050578744882
2018,full,violent,2,77,19.694651291331486,3909.6909542080202
2018,full,violent,3,22,6.437469968510158,3417.491671047208
2018,full,violent,4,25,2.683102501976167,9317.571722133955
2018,full,violent,5,100,8.44018634727698,11848.07963775143
2018,full,violent,6,20,2.949204312338523,6781.49015187806
2018,full,violent,7,21,3.1149400614533187,6741.702756939136
2018,full,violent,8,12,1.4723574158632593,8150.194966732496
2018,full,violent,9,20,2.1173173726879533,9445.915032855853
2018,full,violent,10,19,7.025658668161132,2704.3727709266846
2018,full,violent,11,10,4.4843320497561034,2229.986515058332
2018,full,violent,12,15,4.881469365861403,3072.8452594422956
2018,full,violent,13,18,3.6362387419671824,4950.170018336616
2018,full,violent,14,35,4.633984067076398,7552.896059498467
2018,full,violent,15,138,9.633568468211319,14324.90986651208
2018,full,violent,16,312,18.53314656911101,16834.702020864977
2018,full,violent,17,112,30.85309004990762,3630.1064113458337
2018,full,violent,18,42,15.373428230350804,2731.9866051140116
2018,full,violent,19,128,24.536476939528868,5216.722853711279
2018,full,violent,20,9,3.2131605353043007,2800.980499141995
2018,full,violent,21,51,24.31915917354497,2097.1119780933527
2018,full,violent,22,29,8.542782045263625,3394.6786709931894
2018,full,violent,23,26,16.605860241013595,1565.7123221948182
2018,full,violent,24,37,14.949885854411393,2474.9352844779137
2018,full,violent,25,99,15.788930699951486,6270.2156264644445
2018,full,violent,26,3,1.363639212064666,2199.9954045452714
2018,full,violent,27,23,3.93610646135142,5843.337883727667
2018,full,violent,28,7,4.165475996845827,1680.4802152984496
2018,full,violent,29,21,21.817835111187403,962.5152950776474
2018,full,violent,30,94,19.519228085384412,4815.764208953798
2018,full,violent,31,44,12.767549857860493,3446.2367869987897
2018,full,violent,32,16,8.78854114900542,1820.5524362607878
2018,full,violent,33,93,89.24747531265332,1042.0462839335316
2018,full,violent,34,34,43.98230774001101,773.0381088909977
2018,full,violent,35,172,30.78567402169211,5587.01426770146
2018,full,violent,36,117,18.563938842546822,6302.5417715688045
2018,full,violent,37,77,14.78187145699492,5209.083316954625
2018,full,violent,38,146,8.664668063647149,16850.03960077213
2018,full,violent,39,58,27.424209409164238,2114.9196731490233
2018,full,violent,40,2,4.454624030949829,448.97167215558557
2018,full,violent,41,10,11.351348520705137,880.9526006324055
2018,full,violent,42,13,7.664375142124052,1696.1591465625038
2018,full,violent,43,3,2.2962705984616503,1306.4662335570563
2018,full,violent,44,7,3.3287900909090626,2102.8661492104966
2018,full,violent,45,3,3.5495854559826623,845.1691154367445
2018,full,violent,46,51,12.019990172922231,4242.931921432775
2018,full,violent,47,28,11.182139881412057,2503.993001066288
2018,full,violent,48,120,16.225080935708636,7395.956943173113
2018,full,violent,49,23,26.30406644778179,874.3895186570888
2018,full,violent,50,234,45.236170028193406,5172.851721402579
2018,full,violent,51,70,29.452098005227853,2376.7406990012987
2018,full,violent,52,62,25.464093678150018,2434.800970481834
2018,full,violent,53,63,46.65357739329991,1350.3787602158811
2018,full,violent,54,41,28.43500886485954,1441.884551359099
2018,full,violent,55,90,28.15615864385693,3196.4587619496197
2018,full,violent,56,138,28.991616463749747,4759.996745009064
2018,full,violent,57,40,27.208604905407444,1470.12315181402
2018,full,violent,58,54,25.234127640861246,2139.959057374292
2018,full,violent,59,162,29.493831520030827,5492.673947431252
2018,full,violent,60,57,28.568271568522743,1995.2204620878804
2018,full,violent,61,102,47.84980872934791,2131.6699629238
2018,full,violent,62,71,51.54382802054367,1377.4685103268182
2018,full,violent,63,80,75.22117320971232,1063.5303410778317
2018,full,violent,64,68,14.407902172261583,4719.6322675562815
2018,full,violent,65,77,46.60345263231673,1652.2380993421305
2018,full,violent,66,57,84.41893046364176,675.2040056293918
2018,full,violent,67,73,62.667251638287915,1164.8827432444648
2018,full,violent,68,134,41.73439484220302,3210.780951937881
2018,full,violent,69,158,49.01120940841043,3223.752319257946
2018,full,violent,70,41,12.367907607474429,3315.0312325443015
2018,full,violent,71,101,29.00597226428864,3482.0415285423283
2018,full,violent,72,106,28.70009655889326,3693.3673648966846
2018,full,violent,73,82,21.167622091172642,3873.8408899597553
2018,full,violent,74,224,39.7493771935085,5635.308420293478
2018,full,violent,75,13,19.37643417387044,670.9180793198159
2018,full,violent,76,121,34.35898258421854,3521.6409479940958
2018,full,violent,77,59,16.809184038592303,3509.9859615161304
2018,full,violent,78,142,58.34936957317676,2433.6166960967043
2018,full,violent,79,28,9.890291729776116,2831.0590592289664
2018,partial,homicide,1,2,0.2369654045719498,8440.050578744882
2018,partial,homicide,2,2,0.5115493841904281,3909.6909542080202
2018,partial,homicide,4,1,0.10732410007904669,9317.571722133955
2018,partial,homicide,5,3,0.25320559041830937,11848.07963775143
2018,partial,homicide,8,2,0.2453929026438765,8150.194966732496
2018,partial,homicide,14,2,0.2647990895472227,7552.896059498467
2018,partial,homicide,15,3,0.2094254014828548,14324.90986651208
2018,partial,homicide,16,3,0.1782033323952982,16834.702020864977
2018,partial,homicide,17,5,1.377370091513733,3630.1064113458337
2018,partial,homicide,19,8,1.5335298087205542,5216.722853711279
2018,partial,homicide,21,1,0.4768462583048033,2097.1119780933527
2018,partial,homicide,25,1,0.15948414848435843,6270.2156264644445
2018,partial,homicide,30,1,0.20765136261047243,4815.764208953798
2018,partial,homicide,33,2,1.919300544358136,1042.0462839335316
2018,partial,homicide,35,3,0.5369594306109089,5587.01426770146
2018,partial,homicide,36,1,0.15866614395339165,6302.5417715688045
2018,partial,homicide,37,2,0.38394471316869927,5209.083316954625
2018,partial,homicide,38,1,0.05934704153182978,16850.03960077213
2018,partial,homicide,39,1,0.4728311967097283,2114.9196731490233
2018,partial,homicide,48,1,0.13520900779757195,7395.956943173113
2018,partial,homicide,50,11,2.126486625256955,5172.851721402579
2018,partial,homicide,51,3,1.2622327716526223,2376.7406990012987
2018,partial,homicide,52,1,0.41071118835725834,2434.800970481834
2018,partial,homicide,53,2,1.4810659489936482,1350.3787602158811
2018,partial,homicide,54,1,0.69353680158194,1441.884551359099
2018,partial,homicide,55,4,1.2513848286158635,3196.4587619496197
2018,partial,homicide,56,9,1.89075759546194,4759.996745009064
2018,partial,homicide,57,5,3.4010756131759305,1470.12315181402
2018,partial,homicide,58,4,1.869194640063796,2139.959057374292
2018,partial,homicide,59,6,1.0923641303715121,5492.673947431252
2018,partial,homicide,60,1,0.5011977468161884,1995.2204620878804
2018,partial,homicide,62,1,0.7259694087400517,1377.4685103268182
2018,partial,homicide,63,3,2.820793995364212,1063.5303410778317
2018,partial,homicide,65,2,1.2104792891510838,1652.2380993421305
2018,partial,homicide,66,3,4.443101603349566,675.2040056293918
2018,partial,homicide,67,3,2.575366505683065,1164.8827432444648
2018,partial,homicide,68,3,0.9343521233329034,3210.780951937881
2018,partial,homicide,69,8,2.481580223210655,3223.752319257946
2018,partial,homicide,70,1,0.3016562831091324,3315.0312325443015
2018,partial,homicide,71,4,1.1487513768035107,3482.0415285423283
2018,partial,homicide,72,5,1.3537781395704367,3693.3673648966846
2018,partial,homicide,73,1,0.2581417328191785,3873.8408899597553
2018,partial,homicide,74,10,1.774525767567344,5635.308420293478
2018,partial,homicide,76,3,0.8518756012616167,3521.6409479940958
2018,partial,homicide,77,2,0.5698028487658409,3509.9859615161304
2018,partial,homicide,78,3,1.232733159996692,2433.6166960967043
2018,partial,part 1,1,669,79.26492782931722,8440.050578744882
2018,partial,part 1,2,215,54.99155880047102,3909.6909542080202
2018,partial,part 1,3,120,35.11347255550996,3417.491671047208
2018,partial,part 1,4,199,21.35749591573029,9317.571722133955
2018,partial,part 1,5,458,38.65605347052856,11848.07963775143
2018,partial,part 1,6,152,22.413952773772778,6781.49015187806
2018,partial,part 1,7,149,22.10124138840688,6741.702756939136
2018,partial,part 1,8,168,20.61300382208563,8150.194966732496
2018,partial,part 1,9,178,18.844124616922787,9445.915032855853
2018,partial,part 1,10,72,26.623548637242184,2704.3727709266846
2018,partial,part 1,11,61,27.354425503512232,2229.986515058332
2018,partial,part 1,12,108,35.1465794342021,3072.8452594422956
2018,partial,part 1,13,152,30.706016043278428,4950.170018336616
2018,partial,part 1,14,207,27.406705768137545,7552.896059498467
2018,partial,part 1,15,554,38.67389080716718,14324.90986651208
2018,partial,part 1,16,861,51.144356397450586,16834.702020864977
2018,partial,part 1,17,265,73.00061485022785,3630.1064113458337
2018,partial,part 1,18,174,63.689916954310476,2731.9866051140116
2018,partial,part 1,19,390,74.759578175127,5216.722853711279
2018,partial,part 1,20,52,18.564927537313736,2800.980499141995
2018,partial,part 1,21,264,125.8874121924681,2097.1119780933527
2018,partial,part 1,22,149,43.89222499118207,3394.6786709931894
2018,partial,part 1,23,95,60.67525857293429,1565.7123221948182
2018,partial,part 1,24,154,62.223849231874446,2474.9352844779137
2018,partial,part 1,25,381,60.76346057254056,6270.2156264644445
2018,partial,part 1,26,50,22.727320201077767,2199.9954045452714
2018,partial,part 1,27,153,26.18366472116379,5843.337883727667
2018,partial,part 1,28,81,48.20050796350172,1680.4802152984496
2018,partial,part 1,29,99,102.85550838131205,962.5152950776474
2018,partial,part 1,30,277,57.51942744310087,4815.764208953798
2018,partial,part 1,31,169,49.03899831769144,3446.2367869987897
2018,partial,part 1,32,105,57.67480129034807,1820.5524362607878
2018,partial,part 1,33,183,175.61599980876943,1042.0462839335316
2018,partial,part 1,34,102,131.946923220033,773.0381088909977
2018,partial,part 1,35,1221,218.54248825863993,5587.01426770146
2018,partial,part 1,36,621,98.53167539505623,6302.5417715688045
2018,partial,part 1,37,322,61.815098820160586,5209.083316954625
2018,partial,part 1,38,952,56.49838353830195,16850.03960077213
2018,partial,part 1,39,164,77.54431626039543,2114.9196731490233
2018,partial,part 1,40,15,33.40968023212372,448.97167215558557
2018,partial,part 1,41,48,54.48647289938466,880.9526006324055
2018,partial,part 1,42,77,45.39668353411938,1696.1591465625038
2018,partial,part 1,43,58,44.394564903591906,1306.4662335570563
2018,partial,part 1,44,52,24.728154961038754,2102.8661492104966
2018,partial,part 1,45,24,28.3966836478613,845.1691154367445
2018,partial,part 1,46,175,41.2450643188508,4242.931921432775
2018,partial,part 1,47,124,49.520905189110536,2503.993001066288
2018,partial,part 1,48,342,46.24148066676961,7395.956943173113
2018,partial,part 1,49,68,77.76854428039834,874.3895186570888
2018,partial,part 1,50,498,96.27184903436033,5172.851721402579
2018,partial,part 1,51,188,79.09992035689766,2376.7406990012987
2018,partial,part 1,52,204,83.7850824248807,2434.800970481834
2018,partial,part 1,53,146,108.11781427653631,1350.3787602158811
2018,partial,part 1,54,86,59.644164936046835,1441.884551359099
2018,partial,part 1,55,216,67.57478074525663,3196.4587619496197
2018,partial,part 1,56,323,67.8571892593563,4759.996745009064
2018,partial,part 1,57,87,59.178715669261194,1470.12315181402
2018,partial,part 1,58,153,71.4966949824402,2139.959057374292
2018,partial,part 1,59,406,73.91663948847233,5492.673947431252
2018,partial,part 1,60,151,75.68085976924446,1995.2204620878804
2018,partial,part 1,61,202,94.76138591498314,2131.6699629238
2018,partial,part 1,62,177,128.49658534698915,1377.4685103268182
2018,partial,part 1,63,159,149.50208175430325,1063.5303410778317
2018,partial,part 1,64,183,38.77420731652749,4719.6322675562815
2018,partial,part 1,65,197,119.23220998138176,1652.2380993421305
2018,partial,part 1,66,108,159.95165772058436,675.2040056293918
2018,partial,part 1,67,129,110.74075974437179,1164.8827432444648
2018,partial,part 1,68,301,93.74666304106798,3210.780951937881
2018,partial,part 1,69,353,109.49972734917014,3223.752319257946
2018,partial,part 1,70,163,49.16997414678859,3315.0312325443015
2018,partial,part 1,71,240,68.92508260821063,3482.0415285423283
2018,partial,part 1,72,265,71.75024139723314,3693.3673648966846
2018,partial,part 1,73,184,47.49807883872886,3873.8408899597553
2018,partial,part 1,74,488,86.59685745728639,5635.308420293478
2018,partial,part 1,75,38,56.63880758515975,670.9180793198159
2018,partial,part 1,76,230,65.31046276339062,3521.6409479940958
2018,partial,part 1,77,255,72.64986321764471,3509.9859615161304
2018,partial,part 1,78,266,109.30234018637337,2433.6166960967043
2018,partial,part 1,79,86,30.377324598598076,2831.0590592289664
2018,partial,violent,1,120,14.217924274316987,8440.050578744882
2018,partial,violent,2,62,15.858030909903272,3909.6909542080202
2018,partial,violent,3,15,4.389184069438745,3417.491671047208
2018,partial,violent,4,20,2.1464820015809343,9317.571722133955
2018,partial,violent,5,78,6.583345350876043,11848.07963775143
2018,partial,violent,6,14,2.064443018636966,6781.49015187806
2018,partial,violent,7,20,2.9666095823364937,6741.702756939136
2018,partial,violent,8,9,1.1042680618974445,8150.194966732496
2018,partial,violent,9,19,2.011451504053556,9445.915032855853
2018,partial,violent,10,16,5.916344141609374,2704.3727709266846
2018,partial,violent,11,8,3.5874656398048828,2229.986515058332
2018,partial,violent,12,8,2.603450328459415,3072.8452594422956
2018,partial,violent,13,13,2.626172424754076,4950.170018336616
2018,partial,violent,14,28,3.7071872536611177,7552.896059498467
2018,partial,violent,15,105,7.329889051899918,14324.90986651208
2018,partial,violent,16,227,13.48405215124423,16834.702020864977
2018,partial,violent,17,84,23.139817537430716,3630.1064113458337
2018,partial,violent,18,34,12.44515618647446,2731.9866051140116
2018,partial,violent,19,98,18.785740156826787,5216.722853711279
2018,partial,violent,20,9,3.2131605353043007,2800.980499141995
2018,partial,violent,21,38,18.120157815582527,2097.1119780933527
2018,partial,violent,22,26,7.6590459716156625,3394.6786709931894
2018,partial,violent,23,19,12.13505171458686,1565.7123221948182
2018,partial,violent,24,31,12.525580040182518,2474.9352844779137
2018,partial,violent,25,76,12.12079528481124,6270.2156264644445
2018,partial,violent,26,3,1.363639212064666,2199.9954045452714
2018,partial,violent,27,16,2.738161016592292,5843.337883727667
2018,partial,violent,28,6,3.5704079972964236,1680.4802152984496
2018,partial,violent,29,17,17.662056994770758,962.5152950776474
2018,partial,violent,30,73,15.15854947056449,4815.764208953798
2018,partial,violent,31,29,8.414976042680781,3446.2367869987897
2018,partial,violent,32,10,5.492838218128387,1820.5524362607878
2018,partial,violent,33,76,72.93342068560916,1042.0462839335316
2018,partial,violent,34,32,41.395113167069184,773.0381088909977
2018,partial,violent,35,138,24.700133808101807,5587.01426770146
2018,partial,violent,36,95,15.073283675572208,6302.5417715688045
2018,partial,violent,37,62,11.902286108229676,5209.083316954625
2018,partial,violent,38,106,6.290786402373957,16850.03960077213
2018,partial,violent,39,42,19.858910261808585,2114.9196731490233
2018,partial,violent,40,2,4.454624030949829,448.97167215558557
2018,partial,violent,41,6,6.810809112423082,880.9526006324055
2018,partial,violent,42,10,5.89567318624927,1696.1591465625038
2018,partial,violent,43,2,1.5308470656411004,1306.4662335570563
2018,partial,violent,44,4,1.90216576623375,2102.8661492104966
2018,partial,violent,45,3,3.5495854559826623,845.1691154367445
2018,partial,violent,46,43,10.134501518346195,4242.931921432775
2018,partial,violent,47,19,7.587880633815324,2503.993001066288
2018,partial,violent,48,99,13.385691771959625,7395.956943173113
2018,partial,violent,49,19,21.729446195993653,874.3895186570888
2018,partial,violent,50,187,36.15027262936824,5172.851721402579
2018,partial,violent,51,51,21.45795711809458,2376.7406990012987
2018,partial,violent,52,48,19.7141370411484,2434.800970481834
2018,partial,violent,53,44,32.58345087786026,1350.3787602158811
2018,partial,violent,54,31,21.499640849040137,1441.884551359099
2018,partial,violent,55,66,20.647849672161747,3196.4587619496197
2018,partial,violent,56,106,22.268922790996182,4759.996745009064
2018,partial,violent,57,27,18.365808311150026,1470.12315181402
2018,partial,violent,58,42,19.626543720669858,2139.959057374292
2018,partial,violent,59,112,20.390797100268227,5492.673947431252
2018,partial,violent,60,44,22.052700859912292,1995.2204620878804
2018,partial,violent,61,88,41.28218792335898,2131.6699629238
2018,partial,violent,62,55,39.928317480702844,1377.4685103268182
2018,partial,violent,63,54,50.77429191655582,1063.5303410778317
2018,partial,violent,64,52,11.01780754349415,4719.6322675562815
2018,partial,violent,65,58,35.10389938538144,1652.2380993421305
2018,partial,violent,66,43,63.68445631467712,675.2040056293918
2018,partial,violent,67,53,45.498141600400814,1164.8827432444648
2018,partial,violent,68,98,30.522169362208178,3210.780951937881
2018,partial,violent,69,119,36.91350582025849,3223.752319257946
2018,partial,violent,70,37,11.161282475037899,3315.0312325443015
2018,partial,violent,71,72,20.67752478246319,3482.0415285423283
2018,partial,violent,72,81,21.931205861041075,3693.3673648966846
2018,partial,violent,73,60,15.488503969150713,3873.8408899597553
2018,partial,violent,74,170,30.166938048644845,5635.308420293478
2018,partial,violent,75,11,16.395444300967295,670.9180793198159
2018,partial,violent,76,86,24.42043390283301,3521.6409479940958
2018,partial,violent,77,47,13.39036694599726,3509.9859615161304
2018,partial,violent,78,106,43.55657165321646,2433.6166960967043
2018,partial,violent,79,20,7.064494092697227,2831.0590592289664
2019,partial,homicide,1,4,0.4739308091438996,8440.050578744882
2019,partial,homicide,2,3,0.7673240762856421,3909.6909542080202
2019,partial,homicide,5,1,0.08440186347276979,11848.07963775143
2019,partial,homicide,13,2,0.4040265268852425,4950.170018336616
2019,partial,homicide,16,9,0.5346099971858946,16834.702020864977
2019,partial,homicide,17,5,1.377370091513733,3630.1064113458337
2019,partial,homicide,18,2,0.7320680109690859,2731.9866051140116
2019,partial,homicide,19,3,0.5750736782702077,5216.722853711279
2019,partial,homicide,25,1,0.15948414848435843,6270.2156264644445
2019,partial,homicide,30,1,0.20765136261047243,4815.764208953798
2019,partial,homicide,33,2,1.919300544358136,1042.0462839335316
2019,partial,homicide,35,1,0.17898647687030297,5587.01426770146
2019,partial,homicide,36,3,0.47599843186017493,6302.5417715688045
2019,partial,homicide,39,1,0.4728311967097283,2114.9196731490233
2019,partial,homicide,44,1,0.4755414415584375,2102.8661492104966
2019,partial,homicide,48,2,0.2704180155951439,7395.956943173113
2019,partial,homicide,49,1,1.1436550629470343,874.3895186570888
2019,partial,homicide,50,16,3.093071454919207,5172.851721402579
2019,partial,homicide,51,1,0.4207442572175408,2376.7406990012987
2019,partial,homicide,52,2,0.8214223767145167,2434.800970481834
2019,partial,homicide,53,3,2.221598923490472,1350.3787602158811
2019,partial,homicide,54,7,4.8547576110735795,1441.884551359099
2019,partial,homicide,55,6,1.8770772429237952,3196.4587619496197
2019,partial,homicide,56,9,1.89075759546194,4759.996745009064
2019,partial,homicide,57,1,0.6802151226351861,1470.12315181402
2019,partial,homicide,58,1,0.467298660015949,2139.959057374292
2019,partial,homicide,59,5,0.91030344197626,5492.673947431252
2019,partial,homicide,60,2,1.002395493632377,1995.2204620878804
2019,partial,homicide,61,4,1.8764630874254087,2131.6699629238
2019,partial,homicide,63,2,1.8805293302428079,1063.5303410778317
2019,partial,homicide,65,4,2.4209585783021677,1652.2380993421305
2019,partial,homicide,66,4,5.924135471132755,675.2040056293918
2019,partial,homicide,67,1,0.8584555018943549,1164.8827432444648
2019,partial,homicide,68,2,0.6229014155552689,3210.780951937881
2019,partial,homicide,69,12,3.7223703348159822,3223.752319257946
2019,partial,homicide,70,3,0.9049688493273973,3315.0312325443015
2019,partial,homicide,71,1,0.2871878442008777,3482.0415285423283
2019,partial,homicide,72,11,2.9783119070549606,3693.3673648966846
2019,partial,homicide,73,3,0.7744251984575357,3873.8408899597553
2019,partial,homicide,74,7,1.2421680372971406,5635.308420293478
2019,partial,homicide,75,1,1.4904949364515725,670.9180793198159
2019,partial,homicide,76,4,1.1358341350154888,3521.6409479940958
2019,partial,homicide,77,1,0.28490142438292043,3509.9859615161304
2019,partial,homicide,78,4,1.643644213328923,2433.6166960967043
2019,partial,homicide,79,1,0.35322470463486133,2831.0590592289664
2019,partial,part 1,1,615,72.86686190587456,8440.050578744882
2019,partial,part 1,2,189,48.34141680599546,3909.6909542080202
2019,partial,part 1,3,128,37.45437072587729,3417.491671047208
2019,partial,part 1,4,174,18.674393413754125,9317.571722133955
2019,partial,part 1,5,458,38.65605347052856,11848.07963775143
2019,partial,part 1,6,149,21.971572126921995,6781.49015187806
2019,partial,part 1,7,165,24.474529054276076,6741.702756939136
2019,partial,part 1,8,204,25.030076069675406,8150.194966732496
2019,partial,part 1,9,224,23.713954574105077,9445.915032855853
2019,partial,part 1,10,69,25.514234110690424,2704.3727709266846
2019,partial,part 1,11,91,40.80742165278054,2229.986515058332
2019,partial,part 1,12,147,47.838399785441744,3072.8452594422956
2019,partial,part 1,13,149,30.09997625295057,4950.170018336616
2019,partial,part 1,14,186,24.62631532789171,7552.896059498467
2019,partial,part 1,15,598,41.745463362249055,14324.90986651208
2019,partial,part 1,16,919,54.58962082375968,16834.702020864977
2019,partial,part 1,17,257,70.79682270380589,3630.1064113458337
2019,partial,part 1,18,175,64.05595095979503,2731.9866051140116
2019,partial,part 1,19,373,71.50082733159584,5216.722853711279
2019,partial,part 1,20,74,26.41931995694647,2800.980499141995
2019,partial,part 1,21,256,122.07264212602965,2097.1119780933527
2019,partial,part 1,22,160,47.132590594557925,3394.6786709931894
2019,partial,part 1,23,110,70.25556255813444,1565.7123221948182
2019,partial,part 1,24,135,54.546880820149674,2474.9352844779137
2019,partial,part 1,25,238,37.9572273392773,6270.2156264644445
2019,partial,part 1,26,26,11.818206504560438,2199.9954045452714
2019,partial,part 1,27,167,28.579555610682046,5843.337883727667
2019,partial,part 1,28,49,29.158331977920792,1680.4802152984496
2019,partial,part 1,29,59,61.29772721714557,962.5152950776474
2019,partial,part 1,30,257,53.36640019089141,4815.764208953798
2019,partial,part 1,31,161,46.717625616262254,3446.2367869987897
2019,partial,part 1,32,74,40.64700281415007,1820.5524362607878
2019,partial,part 1,33,175,167.9387976313369,1042.0462839335316
2019,partial,part 1,34,90,116.42375578238207,773.0381088909977
2019,partial,part 1,35,1008,180.41836868526536,5587.01426770146
2019,partial,part 1,36,621,98.53167539505623,6302.5417715688045
2019,partial,part 1,37,274,52.60042570411179,5209.083316954625
2019,partial,part 1,38,852,50.563679385118974,16850.03960077213
2019,partial,part 1,39,219,103.5500320794305,2114.9196731490233
2019,partial,part 1,40,17,37.86430426307355,448.97167215558557
2019,partial,part 1,41,73,82.8648442011475,880.9526006324055
2019,partial,part 1,42,93,54.829760632118216,1696.1591465625038
2019,partial,part 1,43,73,55.875917895900166,1306.4662335570563
2019,partial,part 1,44,61,29.008027935064693,2102.8661492104966
2019,partial,part 1,45,25,29.579878799855518,845.1691154367445
2019,partial,part 1,46,204,48.079960691688925,4242.931921432775
2019,partial,part 1,47,103,41.1343002780515,2503.993001066288
2019,partial,part 1,48,334,45.159808604389035,7395.956943173113
2019,partial,part 1,49,42,48.033512643775445,874.3895186570888
2019,partial,part 1,50,488,94.33867937503581,5172.851721402579
2019,partial,part 1,51,165,69.42280244089422,2376.7406990012987
2019,partial,part 1,52,222,91.17788381531135,2434.800970481834
2019,partial,part 1,53,148,109.59888022552997,1350.3787602158811
2019,partial,part 1,54,93,64.49892254712042,1441.884551359099
2019,partial,part 1,55,201,62.882087637947144,3196.4587619496197
2019,partial,part 1,56,406,85.29417597306086,4759.996745009064
2019,partial,part 1,57,101,68.70172738615379,1470.12315181402
2019,partial,part 1,58,137,64.019916422185,2139.959057374292
2019,partial,part 1,59,446,81.1990670242824,5492.673947431252
2019,partial,part 1,60,143,71.67127779471495,1995.2204620878804
2019,partial,part 1,61,142,66.614439603602,2131.6699629238
2019,partial,part 1,62,130,94.37602313620671,1377.4685103268182
2019,partial,part 1,63,194,182.41134503355235,1063.5303410778317
2019,partial,part 1,64,167,35.38411268776006,4719.6322675562815
2019,partial,part 1,65,209,126.49508571628826,1652.2380993421305
2019,partial,part 1,66,117,173.28096253063308,675.2040056293918
2019,partial,part 1,67,150,128.76832528415324,1164.8827432444648
2019,partial,part 1,68,285,88.76345171662582,3210.780951937881
2019,partial,part 1,69,451,139.89908508350067,3223.752319257946
2019,partial,part 1,70,169,50.979911845443375,3315.0312325443015
2019,partial,part 1,71,291,83.57166266245538,3482.0415285423283
2019,partial,part 1,72,275,74.45779767637401,3693.3673648966846
2019,partial,part 1,73,192,49.56321270128228,3873.8408899597553
2019,partial,part 1,74,523,92.80769764377209,5635.308420293478
2019,partial,part 1,75,28,41.73385822064403,670.9180793198159
2019,partial,part 1,76,232,65.87837983089835,3521.6409479940958
2019,partial,part 1,77,289,82.33651164666401,3509.9859615161304
2019,partial,part 1,78,222,91.22225383975521,2433.6166960967043
2019,partial,part 1,79,93,32.8498975310421,2831.0590592289664
2019,partial,violent,1,106,12.55916644231334,8440.050578744882
2019,partial,violent,2,50,12.788734604760704,3909.6909542080202
2019,partial,violent,3,20,5.852245425918326,3417.491671047208
2019,partial,violent,4,13,1.395213301027607,9317.571722133955
2019,partial,violent,5,64,5.4017192622572665,11848.07963775143
2019,partial,violent,6,14,2.064443018636966,6781.49015187806
2019,partial,violent,7,19,2.8182791032196692,6741.702756939136
2019,partial,violent,8,10,1.2269645132193827,8150.194966732496
2019,partial,violent,9,20,2.1173173726879533,9445.915032855853
2019,partial,violent,10,9,3.327943579655273,2704.3727709266846
2019,partial,violent,11,9,4.035898844780493,2229.986515058332
2019,partial,violent,12,16,5.20690065691883,3072.8452594422956
2019,partial,violent,13,20,4.040265268852425,4950.170018336616
2019,partial,violent,14,21,2.780390440245838,7552.896059498467
2019,partial,violent,15,109,7.609122920543724,14324.90986651208
2019,partial,violent,16,257,15.266085475197213,16834.702020864977
2019,partial,violent,17,72,19.834129317797757,3630.1064113458337
2019,partial,violent,18,59,21.596006323588036,2731.9866051140116
2019,partial,violent,19,78,14.951915635025403,5216.722853711279
2019,partial,violent,20,11,3.9271962098163673,2800.980499141995
2019,partial,violent,21,35,16.689619040668116,2097.1119780933527
2019,partial,violent,22,18,5.302416441887766,3394.6786709931894
2019,partial,violent,23,26,16.605860241013595,1565.7123221948182
2019,partial,violent,24,36,14.545834885373248,2474.9352844779137
2019,partial,violent,25,47,7.495754978764847,6270.2156264644445
2019,partial,violent,26,2,0.9090928080431107,2199.9954045452714
2019,partial,violent,27,33,5.647457096721602,5843.337883727667
2019,partial,violent,28,9,5.355611995944636,1680.4802152984496
2019,partial,violent,29,15,15.584167936562434,962.5152950776474
2019,partial,violent,30,74,15.366200833174961,4815.764208953798
2019,partial,violent,31,40,11.606863507145903,3446.2367869987897
2019,partial,violent,32,11,6.042122039941226,1820.5524362607878
2019,partial,violent,33,62,59.49831687510221,1042.0462839335316
2019,partial,violent,34,28,36.22072402118553,773.0381088909977
2019,partial,violent,35,146,26.132025623064234,5587.01426770146
2019,partial,violent,36,117,18.563938842546822,6302.5417715688045
2019,partial,violent,37,44,8.446783689711383,5209.083316954625
2019,partial,violent,38,105,6.231439360842127,16850.03960077213
2019,partial,violent,39,33,15.603429491421032,2114.9196731490233
2019,partial,violent,40,2,4.454624030949829,448.97167215558557
2019,partial,violent,41,4,4.540539408282055,880.9526006324055
2019,partial,violent,42,3,1.7687019558747812,1696.1591465625038
2019,partial,violent,43,4,3.061694131282201,1306.4662335570563
2019,partial,violent,44,6,2.8532486493506255,2102.8661492104966
2019,partial,violent,45,4,4.732780607976883,845.1691154367445
2019,partial,violent,46,39,9.191757191058176,4242.931921432775
2019,partial,violent,47,18,7.188518495193465,2503.993001066288
2019,partial,violent,48,114,15.413826888923204,7395.956943173113
2019,partial,violent,49,13,14.867515818311446,874.3895186570888
2019,partial,violent,50,178,34.410419935976186,5172.851721402579
2019,partial,violent,51,62,26.086143947487525,2376.7406990012987
2019,partial,violent,52,61,25.053382489792757,2434.800970481834
2019,partial,violent,53,65,48.134643342293565,1350.3787602158811
2019,partial,violent,54,39,27.047935261695656,1441.884551359099
2019,partial,violent,55,72,22.524926915085544,3196.4587619496197
2019,partial,violent,56,168,35.29414178195621,4759.996745009064
2019,partial,violent,57,41,27.888820028042634,1470.12315181402
2019,partial,violent,58,28,13.084362480446572,2139.959057374292
2019,partial,violent,59,168,30.58619565040234,5492.673947431252
2019,partial,violent,60,48,24.057491847177044,1995.2204620878804
2019,partial,violent,61,59,27.677830539524777,2131.6699629238
2019,partial,violent,62,56,40.65428688944289,1377.4685103268182
2019,partial,violent,63,92,86.50434919116917,1063.5303410778317
2019,partial,violent,64,49,10.382164800600258,4719.6322675562815
2019,partial,violent,65,63,38.13009760825914,1652.2380993421305
2019,partial,violent,66,57,84.41893046364176,675.2040056293918
2019,partial,violent,67,57,48.93196360797823,1164.8827432444648
2019,partial,violent,68,104,32.39087360887399,3210.780951937881
2019,partial,violent,69,120,37.22370334815982,3223.752319257946
2019,partial,violent,70,54,16.28943928789315,3315.0312325443015
2019,partial,violent,71,110,31.59066286209654,3482.0415285423283
2019,partial,violent,72,100,27.075562791408736,3693.3673648966846
2019,partial,violent,73,42,10.8419527784055,3873.8408899597553
2019,partial,violent,74,171,30.34439062540158,5635.308420293478
2019,partial,violent,75,8,11.92395949161258,670.9180793198159
2019,partial,violent,76,69,19.593138829017185,3521.6409479940958
2019,partial,violent,77,49,13.9601697947631,3509.9859615161304
2019,partial,violent,78,100,41.09110533322307,2433.6166960967043
2019,partial,violent,79,17,6.004819978792642,2831.0590592289664
